{"cameraMode":{"drawMode":0,"name":"Shaded","section":"Shading Mode"},"sceneLighting":true,"audioPlay":false,"sceneViewState":{"m_AlwaysRefresh":false,"showFog":true,"showSkybox":true,"showFlares":true,"showImageEffects":true,"showParticleSystems":true,"showVisualEffectGraphs":true,"m_FxEnabled":true},"in2DMode":false,"pivot":{"x":-43.762672424316409,"y":-55.742591857910159,"z":-12.919422149658204},"rotation":{"x":0.5588838458061218,"y":0.04474007710814476,"z":-0.030191045254468919,"w":0.8275259733200073},"size":92.2878189086914,"orthographic":true}