{"cameraMode":{"drawMode":0,"name":"Shaded","section":"Shading Mode"},"sceneLighting":true,"audioPlay":false,"sceneViewState":{"m_AlwaysRefresh":false,"showFog":true,"showSkybox":true,"showFlares":true,"showImageEffects":true,"showParticleSystems":true,"showVisualEffectGraphs":true,"m_FxEnabled":true},"in2DMode":false,"pivot":{"x":-14.311661720275879,"y":0.0044498443603515629,"z":-19.81350326538086},"rotation":{"x":0.09148479998111725,"y":-0.8931136727333069,"z":0.21147394180297852,"w":0.38636916875839236},"size":23.08078384399414,"orthographic":true}