{"cameraMode":{"drawMode":0,"name":"Shaded","section":"Shading Mode"},"sceneLighting":true,"audioPlay":false,"sceneViewState":{"m_AlwaysRefresh":false,"showFog":true,"showSkybox":true,"showFlares":true,"showImageEffects":true,"showParticleSystems":true,"showVisualEffectGraphs":true,"m_FxEnabled":true},"in2DMode":false,"pivot":{"x":445.87152099609377,"y":116.79948425292969,"z":1033.099365234375},"rotation":{"x":0.04182596877217293,"y":-0.08831001818180084,"z":0.003702388145029545,"w":0.9952316880226135},"size":1881.2154541015625,"orthographic":false}