{"cameraMode":{"drawMode":0,"name":"Shaded","section":"Shading Mode"},"sceneLighting":true,"audioPlay":false,"sceneViewState":{"m_AlwaysRefresh":false,"showFog":true,"showSkybox":true,"showFlares":true,"showImageEffects":true,"showParticleSystems":true,"showVisualEffectGraphs":true,"m_FxEnabled":true},"in2DMode":false,"pivot":{"x":-0.7303400039672852,"y":3.7443771362304689,"z":-1.3849306106567383},"rotation":{"x":0.32876089215278628,"y":-0.33626049757003786,"z":0.1265612691640854,"w":0.8734181523323059},"size":11.45585823059082,"orthographic":true}