{"cameraMode":{"drawMode":0,"name":"Shaded","section":"Shading Mode"},"sceneLighting":true,"audioPlay":false,"sceneViewState":{"m_AlwaysRefresh":false,"showFog":true,"showSkybox":true,"showFlares":true,"showImageEffects":true,"showParticleSystems":true,"showVisualEffectGraphs":true,"m_FxEnabled":true},"in2DMode":false,"pivot":{"x":11.071000099182129,"y":-1.6465975046157838,"z":-3.7438008785247804},"rotation":{"x":0.10131562501192093,"y":-0.8911243081092835,"z":0.24518102407455445,"w":0.3681694567203522},"size":19.789392471313478,"orthographic":true}